,time (ps),x,y,z,px,py,pz,Wavelength (nm)
0,3.31874,-0.113022,108.496,1085.58,-0.019984,0.146851,0.988957,279.84877322441145
1,3.31874,-0.140442,114.511,1145.79,-0.00405833,0.150943,0.988534,248.68615964483882
2,3.31874,-0.102064,106.092,1061.52,0.011368,0.149032,0.988767,309.2329013876075
3,3.31874,-0.160648,118.944,1190.17,-0.0378836,0.0646326,0.99719,350.34276106281095
4,3.31874,-0.0846522,102.272,1023.28,-0.0190877,0.0520078,0.998464,369.02995903587765
5,3.31874,-0.0926797,104.033,1040.91,0.0246032,0.143381,0.989362,397.1613660608145
6,3.31874,-0.108372,107.476,1075.37,-0.024867,0.054734,0.998191,378.0626129667992
7,3.31874,-0.0847504,102.294,1023.49,0.049043,0.0863694,0.995055,341.4647320234279
8,3.31874,-0.160807,118.979,1190.52,-0.0439735,0.0721911,0.996421,316.1783960383689
